/*
Deployment script for FinalChallengeDatabase

This code was generated by a tool.
Changes to this file may cause incorrect behavior and will be lost if
the code is regenerated.
*/

GO
SET ANSI_NULLS, ANSI_PADDING, ANSI_WARNINGS, ARITHABORT, CONCAT_NULL_YIELDS_NULL, QUOTED_IDENTIFIER ON;

SET NUMERIC_ROUNDABORT OFF;


GO
:setvar DatabaseName "FinalChallengeDatabase"
:setvar DefaultFilePrefix "FinalChallengeDatabase"
:setvar DefaultDataPath "C:\Users\Hunter\AppData\Local\Microsoft\VisualStudio\SSDT\FinalChallengeDatabase"
:setvar DefaultLogPath "C:\Users\Hunter\AppData\Local\Microsoft\VisualStudio\SSDT\FinalChallengeDatabase"

GO
:on error exit
GO
/*
Detect SQLCMD mode and disable script execution if SQLCMD mode is not supported.
To re-enable the script after enabling SQLCMD mode, execute the following:
SET NOEXEC OFF; 
*/
:setvar __IsSqlCmdEnabled "True"
GO
IF N'$(__IsSqlCmdEnabled)' NOT LIKE N'True'
    BEGIN
        PRINT N'SQLCMD mode must be enabled to successfully execute this script.';
        SET NOEXEC ON;
    END


GO
USE [$(DatabaseName)];


GO
IF EXISTS (SELECT 1
           FROM   [master].[dbo].[sysdatabases]
           WHERE  [name] = N'$(DatabaseName)')
    BEGIN
        ALTER DATABASE [$(DatabaseName)]
            SET ARITHABORT ON,
                CONCAT_NULL_YIELDS_NULL ON,
                CURSOR_DEFAULT LOCAL 
            WITH ROLLBACK IMMEDIATE;
    END


GO
IF EXISTS (SELECT 1
           FROM   [master].[dbo].[sysdatabases]
           WHERE  [name] = N'$(DatabaseName)')
    BEGIN
        ALTER DATABASE [$(DatabaseName)]
            SET PAGE_VERIFY NONE,
                DISABLE_BROKER 
            WITH ROLLBACK IMMEDIATE;
    END


GO
ALTER DATABASE [$(DatabaseName)]
    SET TARGET_RECOVERY_TIME = 0 SECONDS 
    WITH ROLLBACK IMMEDIATE;


GO
IF EXISTS (SELECT 1
           FROM   [master].[dbo].[sysdatabases]
           WHERE  [name] = N'$(DatabaseName)')
    BEGIN
        ALTER DATABASE [$(DatabaseName)]
            SET QUERY_STORE (QUERY_CAPTURE_MODE = AUTO, OPERATION_MODE = READ_WRITE) 
            WITH ROLLBACK IMMEDIATE;
    END


GO
PRINT N'Rename refactoring operation with key 9f92e6d8-0c1d-4f8e-b166-b54b5c02d903 is skipped, element [dbo].[Record].[Id] (SqlSimpleColumn) will not be renamed to RecordID';


GO
PRINT N'Rename refactoring operation with key 5b962fc3-24bf-43f1-84bd-ab629563072a is skipped, element [dbo].[Interest].[Id] (SqlSimpleColumn) will not be renamed to InterestCode';


GO
PRINT N'Rename refactoring operation with key 451193cb-3be6-461e-8d52-d94ef24a6232 is skipped, element [dbo].[Customer].[Id] (SqlSimpleColumn) will not be renamed to CustNo';


GO
PRINT N'Rename refactoring operation with key 85fd25b1-d68f-41df-9a78-1bc2f59b9d5c is skipped, element [dbo].[Sale].[Id] (SqlSimpleColumn) will not be renamed to DateOrdered';


GO
PRINT N'Creating [dbo].[Customer]...';


GO
CREATE TABLE [dbo].[Customer] (
    [CustNo]       INT           NOT NULL,
    [InterestCode] NVARCHAR (2)  NOT NULL,
    [CustName]     NVARCHAR (50) NOT NULL,
    [CustAddress]  NVARCHAR (50) NOT NULL,
    [CustPcode]    INT           NOT NULL,
    PRIMARY KEY CLUSTERED ([CustNo] ASC)
);


GO
PRINT N'Creating [dbo].[Interest]...';


GO
CREATE TABLE [dbo].[Interest] (
    [InterestCode] NVARCHAR (2)  NOT NULL,
    [InterestDesc] NVARCHAR (50) NOT NULL,
    PRIMARY KEY CLUSTERED ([InterestCode] ASC)
);


GO
PRINT N'Creating [dbo].[Record]...';


GO
CREATE TABLE [dbo].[Record] (
    [RecordID]  NVARCHAR (5)  NOT NULL,
    [Title]     NVARCHAR (50) NOT NULL,
    [Performer] NVARCHAR (50) NOT NULL,
    PRIMARY KEY CLUSTERED ([RecordID] ASC)
);


GO
PRINT N'Creating [dbo].[Sale]...';


GO
CREATE TABLE [dbo].[Sale] (
    [DateOrdered] DATE         NOT NULL,
    [RecordID]    NVARCHAR (5) NOT NULL,
    [CustNo]      INT          NOT NULL,
    [Price]       MONEY        NOT NULL,
    PRIMARY KEY CLUSTERED ([DateOrdered] ASC, [RecordID] ASC, [CustNo] ASC)
);


GO
PRINT N'Creating unnamed constraint on [dbo].[Customer]...';


GO
ALTER TABLE [dbo].[Customer] WITH NOCHECK
    ADD FOREIGN KEY ([InterestCode]) REFERENCES [dbo].[Interest] ([InterestCode]);


GO
PRINT N'Creating unnamed constraint on [dbo].[Sale]...';


GO
ALTER TABLE [dbo].[Sale] WITH NOCHECK
    ADD FOREIGN KEY ([RecordID]) REFERENCES [dbo].[Record] ([RecordID]);


GO
PRINT N'Creating unnamed constraint on [dbo].[Sale]...';


GO
ALTER TABLE [dbo].[Sale] WITH NOCHECK
    ADD FOREIGN KEY ([CustNo]) REFERENCES [dbo].[Customer] ([CustNo]);


GO
-- Refactoring step to update target server with deployed transaction logs

IF OBJECT_ID(N'dbo.__RefactorLog') IS NULL
BEGIN
    CREATE TABLE [dbo].[__RefactorLog] (OperationKey UNIQUEIDENTIFIER NOT NULL PRIMARY KEY)
    EXEC sp_addextendedproperty N'microsoft_database_tools_support', N'refactoring log', N'schema', N'dbo', N'table', N'__RefactorLog'
END
GO
IF NOT EXISTS (SELECT OperationKey FROM [dbo].[__RefactorLog] WHERE OperationKey = '9f92e6d8-0c1d-4f8e-b166-b54b5c02d903')
INSERT INTO [dbo].[__RefactorLog] (OperationKey) values ('9f92e6d8-0c1d-4f8e-b166-b54b5c02d903')
IF NOT EXISTS (SELECT OperationKey FROM [dbo].[__RefactorLog] WHERE OperationKey = '5b962fc3-24bf-43f1-84bd-ab629563072a')
INSERT INTO [dbo].[__RefactorLog] (OperationKey) values ('5b962fc3-24bf-43f1-84bd-ab629563072a')
IF NOT EXISTS (SELECT OperationKey FROM [dbo].[__RefactorLog] WHERE OperationKey = '451193cb-3be6-461e-8d52-d94ef24a6232')
INSERT INTO [dbo].[__RefactorLog] (OperationKey) values ('451193cb-3be6-461e-8d52-d94ef24a6232')
IF NOT EXISTS (SELECT OperationKey FROM [dbo].[__RefactorLog] WHERE OperationKey = '85fd25b1-d68f-41df-9a78-1bc2f59b9d5c')
INSERT INTO [dbo].[__RefactorLog] (OperationKey) values ('85fd25b1-d68f-41df-9a78-1bc2f59b9d5c')

GO

GO
INSERT INTO Record(RecordID, Title, Performer)
VALUES ('PF002', 'The Dark Side of the Moon', 'Pink Floyd')
,('PF003', 'The Wall', 'Pink Floyd')
,('PF004', 'The Endless River', 'Pink Floyd')
,('PF006', 'Wish You Were Here', 'Pink Floyd')
,('PF007', 'The Division Bell', 'Pink Floyd')
,('IX002', 'Kick', 'INXS')
,('IX005', 'Shabooh Shoobah', 'INXS')
,('SP069', 'Never Mind the Bollocks', 'Sex Pistols')
,('SP070', 'Floggin a Dead Horse', 'Sex Pistols')
,('SP075', 'Agents of Anarchy', 'Sex Pistols');

INSERT INTO Interest(InterestCode, InterestDesc)
VALUES ('RR', 'Rock and Roll')
,('JA', 'Jazz')
,('RB', 'Rhythm and Blues');

INSERT INTO Customer(CustNo, InterestCode, CustName, CustAddress, CustPcode)
VALUES (123, 'RR', 'Jimmy Barnes', '1 Sesame Street', 3000)
,(456, 'JA', 'Ian Moss', '10 Downing Street', 4000)
,(789, 'RB', 'Don Walker', '221B Baker Street', 5000)
,(234, 'RR', 'Steve Prestwich', 'LG1 College Cres, Parkville', 6000)
,(567, 'RB', 'Phil Small', '1 Adelaide Avenue', 7000);

INSERT INTO Sale(DateOrdered, RecordID, CustNo, Price)
VALUES ('01-Dec-15', 'PF003', 123, 30.00)
,('01-Dec-15', 'IX002', 123, 29.95)
,('02-Dec-15', 'SP069', 123, 12.45)
,('05-Dec-15', 'IX002', 123, 30.00)
,('01-Dec-15', 'PF002', 456, 31.00)
,('03-Dec-15', 'IX005', 456, 28.95)
,('06-Dec-15', 'SP070', 456, 13.45)
,('02-Dec-15', 'PF004', 789, 29.00)
,('05-Dec-15', 'IX002', 789, 29.95)
,('01-Dec-15', 'PF006', 234, 45.00)
,('04-Dec-15', 'SP075', 234, 5.67)
,('03-Dec-15', 'PF007', 567, 9.95);
GO

GO
PRINT N'Checking existing data against newly created constraints';


GO
USE [$(DatabaseName)];


GO
CREATE TABLE [#__checkStatus] (
    id           INT            IDENTITY (1, 1) PRIMARY KEY CLUSTERED,
    [Schema]     NVARCHAR (256),
    [Table]      NVARCHAR (256),
    [Constraint] NVARCHAR (256)
);

SET NOCOUNT ON;

DECLARE tableconstraintnames CURSOR LOCAL FORWARD_ONLY
    FOR SELECT SCHEMA_NAME([schema_id]),
               OBJECT_NAME([parent_object_id]),
               [name],
               0
        FROM   [sys].[objects]
        WHERE  [parent_object_id] IN (OBJECT_ID(N'dbo.Customer'), OBJECT_ID(N'dbo.Sale'))
               AND [type] IN (N'F', N'C')
                   AND [object_id] IN (SELECT [object_id]
                                       FROM   [sys].[check_constraints]
                                       WHERE  [is_not_trusted] <> 0
                                              AND [is_disabled] = 0
                                       UNION
                                       SELECT [object_id]
                                       FROM   [sys].[foreign_keys]
                                       WHERE  [is_not_trusted] <> 0
                                              AND [is_disabled] = 0);

DECLARE @schemaname AS NVARCHAR (256);

DECLARE @tablename AS NVARCHAR (256);

DECLARE @checkname AS NVARCHAR (256);

DECLARE @is_not_trusted AS INT;

DECLARE @statement AS NVARCHAR (1024);

BEGIN TRY
    OPEN tableconstraintnames;
    FETCH tableconstraintnames INTO @schemaname, @tablename, @checkname, @is_not_trusted;
    WHILE @@fetch_status = 0
        BEGIN
            PRINT N'Checking constraint: ' + @checkname + N' [' + @schemaname + N'].[' + @tablename + N']';
            SET @statement = N'ALTER TABLE [' + @schemaname + N'].[' + @tablename + N'] WITH ' + CASE @is_not_trusted WHEN 0 THEN N'CHECK' ELSE N'NOCHECK' END + N' CHECK CONSTRAINT [' + @checkname + N']';
            BEGIN TRY
                EXECUTE [sp_executesql] @statement;
            END TRY
            BEGIN CATCH
                INSERT  [#__checkStatus] ([Schema], [Table], [Constraint])
                VALUES                  (@schemaname, @tablename, @checkname);
            END CATCH
            FETCH tableconstraintnames INTO @schemaname, @tablename, @checkname, @is_not_trusted;
        END
END TRY
BEGIN CATCH
    PRINT ERROR_MESSAGE();
END CATCH

IF CURSOR_STATUS(N'LOCAL', N'tableconstraintnames') >= 0
    CLOSE tableconstraintnames;

IF CURSOR_STATUS(N'LOCAL', N'tableconstraintnames') = -1
    DEALLOCATE tableconstraintnames;

SELECT N'Constraint verification failed:' + [Schema] + N'.' + [Table] + N',' + [Constraint]
FROM   [#__checkStatus];

IF @@ROWCOUNT > 0
    BEGIN
        DROP TABLE [#__checkStatus];
        RAISERROR (N'An error occurred while verifying constraints', 16, 127);
    END

SET NOCOUNT OFF;

DROP TABLE [#__checkStatus];


GO
PRINT N'Update complete.';


GO
